text;author;book
Wymagajcie od siebie choćby inni od was nie wymagali ; Jan Paweł II;
Nie żyje się, nie kocha się, nie umiera się - na próbę. ; Jan Paweł II;
Wczoraj do ciebie nie należy. Jutro niepewne... Tylko dziś jest twoje. ; Jan Paweł II;
Wiara i rozum są jak dwa skrzydła, na których duch ludzki unosi się ku kontemplacji prawdy. ; Jan Paweł II;Fides et ratio
Miłość, która jest gotowa nawet oddać życie, nie zginie. ; Jan Paweł II;
Nie daj się zwyciężyć złu, ale zło dobrem zwyciężaj ; Jan Paweł II;
Nie potrafi przebaczać innym, kto sam nie zaznał przebaczenia. ; Jan Paweł II;
Życie ludzkie jest bezcenne, ponieważ jest darem Boga, którego miłość nie ma granic. A kiedy Bóg daje życie, daje je na zawsze. ; Jan Paweł II;
"Jeśli miłość największa w prostocie,
a pragnienie najprostsze w tęsknocie,
więc nie dziw, że pragnął Bóg,
aby najprostsi Go przyjęli,
ci, którzy dusze mają z bieli,
a dla miłości swej nie znają słów. "; Jan Paweł II;
Człowiek nie może być tylko wychowywany. Musi wychowywać samego siebie, być dla siebie wychowawcą. ; Jan Paweł II;
Wymagajcie od siebie choćby inni od was nie wymagali ; Jan Paweł II;
Nie żyje się, nie kocha się, nie umiera się - na próbę. ; Jan Paweł II;
Wczoraj do ciebie nie należy. Jutro niepewne... Tylko dziś jest twoje. ; Jan Paweł II;
Wiara i rozum są jak dwa skrzydła, na których duch ludzki unosi się ku kontemplacji prawdy. ; Jan Paweł II;Fides et ratio
Miłość, która jest gotowa nawet oddać życie, nie zginie. ; Jan Paweł II;
Nie daj się zwyciężyć złu, ale zło dobrem zwyciężaj ; Jan Paweł II;
Nie potrafi przebaczać innym, kto sam nie zaznał przebaczenia. ; Jan Paweł II;
Życie ludzkie jest bezcenne, ponieważ jest darem Boga, którego miłość nie ma granic. A kiedy Bóg daje życie, daje je na zawsze. ; Jan Paweł II;
"Jeśli miłość największa w prostocie,
a pragnienie najprostsze w tęsknocie,
więc nie dziw, że pragnął Bóg,
aby najprostsi Go przyjęli,
ci, którzy dusze mają z bieli,
a dla miłości swej nie znają słów. "; Jan Paweł II;
Człowiek nie może być tylko wychowywany. Musi wychowywać samego siebie, być dla siebie wychowawcą. ; Jan Paweł II;
Jeśli ktoś lub coś każe ci sądzić, że jesteś już u kresu, nie wierz w to! Jeśli znasz odwieczną Miłość, która Cię stworzyła, to wiesz także, że w Twoim wnętrzu mieszka dusza nieśmiertelna. Różne są w życiu „pory roku”: jeśli czujesz akurat, że zbliża się zima, chciałbym abyś wiedział, że nie jest to pora ostatnia, bo ostatnią pora Twego życia będzie wiosna: wiosna zmartwychwstania. Całość twojego życia sięga nieskończenie dalej niż jego granice ziemskie: Czeka cię niebo. ; Jan Paweł II;
Pragnienie, by żyć lepiej, nie jest niczym złym, ale błędem jest styl życia, który wyżej stawia dążenie do tego, by mieć, aniżeli być, i chce mieć więcej nie po to, aby bardziej żyć, lecz by doznać w życiu jak najwięcej przyjemności. Dlatego trzeba tworzyć takie style życia, w których szukanie prawdy, piękna i dobra oraz wspólnota ludzi dążących do wspólnego rozwoju byłyby elementami decydującymi o wyborze jakości konsumpcji, oszczędności i inwestycji. W tym kontekście nie mogę ograniczyć się tylko do przypomnienia obowiązku miłosierdzia, czyli obowiązku wspomagania z tego, co „zbywa”, a czasem nawet z tego, co „potrzebne”, by dać ubogiemu to, co dla niego jest niezbędne. Mam na myśli fakt, że również decyzja o takiej, a nie innej inwestycji, w danej dziedzinie produkcji, a nie w innej, jest zawsze wyborem moralnym i kulturowym. Przy zaistnieniu pewnych warunków ekonomicznych i stabilności politycznej, absolutnie niezbędnych, decyzja o zainwestowaniu, czyli o daniu jakiejś społeczności okazji do dowartościowania jej pracy, płynie również z postawy ludzkiej sympatii i zaufania do Opatrzności, w czym ujawniają się ludzkie przymioty tego, kto decyduje. ; Jan Paweł II;Centesimus annus
"Ludzie są stworzeni do radości.
Słuszne jest zatem wasze pragnienie szczęścia.
Chrystus ma odpowiedź na to wasze pragnienie.
Ale prosi was, abyście mu zaufali. 
Prawdziwa radość jest zwycięstwem, 
czymś, czego nie sposób osiągnąć bez długiej i trudnej walki. Chrystus ma tajemnicę tego zwycięstwa. "; Jan Paweł II;
Szczęście osiąga się przez ofiarę. ; Jan Paweł II;
Bez zadziwienia człowiek popadłby w rutynę, przestałby się rozwijać i stopniowo stałby się niezdolny do życia naprawdę osobowego. ; Jan Paweł II;Fides et ratio
Tylko On może uciszyć lęk człowieka. Patrzcie na Jezusa głębią waszych serc i umysłów! On jest waszym nieodłącznym przyjacielem. ; Jan Paweł II;
Zawsze miałem dylemat: Co czytać? Starałem się wybierać to, co najistotniejsze. Tyle rzeczy się publikuje. Nie wszystkie są wartościowe i pożyteczne. Trzeba umieć wybierać i radzić się, co czytać. ; Jan Paweł II;Wstańcie, chodźmy!
Nasz optymizm opiera się przede wszystkim na przekonaniu, że towarzyszy nam nieustanna pomoc Boża, której nigdy nie zabraknie temu, kto pokornie i z ufnością o nią prosi. ; Jan Paweł II;
Cechą wyróżniającą chrześcijańską radość jest to, że może ona współistnieć z cierpieniem, całkowicie bowiem opiera się na miłości. ; Jan Paweł II;
"Miłość mi wszystko wyjaśniła, 
Miłość wszystko rozwiązała - 
dlatego uwielbiam tę Miłość, 
gdziekolwiek by przebywała. "; Jan Paweł II;Tryptyk rzymski Poezje zebrane
Młodych pociągają wymagania i wysokie ideały. ; Jan Paweł II;Wstańcie, chodźmy!
Musicie od siebie wymagać, nawet gdyby inni od was nie wymagali.(...)Każdy z was znajduje też w życiu jakieś swoje Westerplatte. Jakiś wymiar zadań, które trzeba podjąć i wypełnić. Jakąś słuszną sprawę, o którą nie można nie walczyć. Jakiś obowiązek, powinność, od której nie można się uchylić. Nie można zdezerterować. Wreszcie - jakiś porządek prawd i wartości, które trzeba <; Jan Paweł II;Wstańcie, chodźmy!
(...) jak słusznie uczy św. Tomasz, wiedza wlana (scientia infusa), będąca owocem specjalnego działania Ducha Świętego, nie uwalnia od obowiązku starania się o wiedzę nabytą (scientia acquisita). ; Jan Paweł II;Dar i Tajemnica. W pięćdziesiątą rocznicę moich święceń kapłańskich
"Jeżeli człowiek uznaje swoją słabość i niemoc wobec zła, a równocześnie ufa mocy Boga, odniesie zwycięstwo. Miłosierny Bóg będzie jego ""mocą"" i ""warownią"", ""osłoną"" i ""wybawcą"". "; Jan Paweł II;
Żaden człowiek nie potrafi odebrać wolności drugiemu człowiekowi. Może człowieka upokorzyć, zamknąć do więzienia, do obozów koncentracyjnych. Jak długo człowiek ma świadomość Boga, jak długo Bóg jest z człowiekiem, nie potrafi godności człowiekowi odebrać żaden człowiek i żadna ludzka instytucja. ; Jan Paweł II;
Wymagajcie od siebie choćby inni od was nie wymagali. ; Jan Paweł II;
Trzeba być zawsze tym, czym Bóg chce, aby człowiek był. Wtenczas nigdy nie jest się niczym! Na wypełnianiu woli Bożej polega wielkość człowieka, miłość i… świętość. ; Jan Paweł II;
Troska o dziecko (...) jest pierwszym i podstawowym sprawdzianem stosunku człowieka do człowieka ; Jan Paweł II;Wielka Księga Złotych Myśli
Człowiek nie może żyć bez miłości. Człowiek pozostaje dla siebie istotą niezrozumiałą, jego życie jest pozbawione sensu, jeśli nie objawi mu się Miłość, jeśli nie spotka się z Miłością, jeśli jej nie dotknie i nie uczyni w jakiś sposób swoją, jeśli nie znajdzie w niej żywego uczestnictwa... ; Jan Paweł II;Encykliki Ojca Świętego św. Jana Pawła II
"Wszyscy wiemy dobrze,że obszary nędzy i głodu jakie istnieją na naszym globie, mogły wkrótce być ""użyźnione"", gdyby gigantyczne budżety zbrojeń, produkcji militarnej, które służą wojnie i zniszczeniu, zostały zmienione w budżety wyżywieniowe służące życiu... "; Jan Paweł II;Encykliki Ojca Świętego św. Jana Pawła II
Zło jest zawsze brakiem jakiegoś dobra, które w danym bycie powinno się znajdować, jest niedostatkiem. Nigdy nie jest jednak całkowitą nieobecnością dobra. ; Jan Paweł II;Pamięć i tożsamość
"Bo wierzę w tęsknoty ludzkości, topolom podobne i sosnom, 
kolumnom podobne Piękna – i rezurekcjom – i wiosnom. "; Jan Paweł II;Tryptyk rzymski Poezje zebrane
Misja Chrystusa Odkupiciela, powierzona Kościołowi nie została jeszcze bynajmniej wypełniona do końca. Gdy u schyłku drugiego tysiąclecia od Jego przyjścia obejmujemy spojrzeniem ludzkość, przekonujemy się, że misja Kościoła dopiero się rozpoczyna i że w jej służbie musimy zaangażować wszystkie nasze siły. ; Jan Paweł II;Redemptoris missio
"Miłość mi wszystko wyjaśniła, Miłość wszystko rozwiała,
dlatego uwielbiam tę Miłość gdziekolwiek by przebywała. "; Jan Paweł II;
Człowiek swoją głębszą tożsamość ludzką łączy z przynależnością do narodu, swoją zaś pracę pojmuje także jako pomnożenie dobra wspólnego wypracowywanego przez jego rodaków, uświadamiając sobie przy tym, że na tej drodze praca ta służy pomnażaniu dorobku całej rodziny ludzkiej, wszystkich ludzi żyjących na świecie. ; Jan Paweł II;Laborem exercens
Emigracja za pracą nie może w żaden sposób stawać się okazją do wyzysku finansowego lub społecznego. O stosunku do pracownika – imigranta muszą decydować te same kryteria, co w stosunku do każdego innego pracownika w tym społeczeństwie. Wartość pracy musi być mierzona tą samą miarą, a nie względem na odmienną narodowość, religię czy rasę. Tym bardziej nie może być wyzyskiwana sytuacja przymusowa, w której znajduje się emigrant. ; Jan Paweł II;Laborem exercens
"Faktem jest, że w wielu społeczeństwach kobiety pracują niemal we wszystkich dziedzinach życia. Winny one jednak mieć możliwość wykonywania w pełni swoich zadań zgodnie z właściwą im naturą, bez dyskryminacji i bez pozbawienia możności podjęcia takiego zatrudnienia, do jakiego są zdolne; nie pomniejszając poszanowania dla ich aspiracji rodzinnych, jak też i dla ich szczególnego wkładu, jaki wraz z mężczyznami wnoszą w dobro społeczeństwa. "; Jan Paweł II;Laborem exercens
Nieproporcjonalny rozkład bogactwa i nędzy krajów i kontynentów rozwiniętych i słabo rozwiniętych domaga się wyrównania oraz szukania dróg sprawiedliwego rozwoju dla wszystkich. ; Jan Paweł II;Laborem exercens
Praca jako proces, poprzez który człowiek i ludzkość „czyni sobie ziemię poddaną”, tylko wówczas odpowiada temu podstawowemu pojęciu z Biblii, gdy równocześnie w tym całym procesie człowiek ujawnia siebie jako tego, który „panuje”. Owo panowanie odnosi się do wymiaru podmiotowego poniekąd bardziej niż do przedmiotowego: wymiar ten warunkuje samą etyczną istotę pracy. Nie ulega bowiem wątpliwości, że praca ludzka ma swoją wartość etyczną, która wprost i bezpośrednio pozostaje związana z faktem, iż ten, kto ją spełnia, jest osobą, jest świadomym i wolnym, czyli stanowiącym o sobie podmiotem. ; Jan Paweł II;Laborem exercens
Aby odkryć w sposób nie pozostawiający żadnych wątpliwości cel naszego życia, musimy się wyzwolić z myślenia nazbyt powierzchownego i stworzyć w sobie przestrzeń dla Bożej mądrości. ; Jan Paweł II;Duchowość kapłana
Czytanie książek to najpiękniejsza zabawa, jaką sobie ludzkość wymyśliła ;Wisława Szymborska;
"Żaden dzień się nie powtórzy,
nie ma dwóch podobnych nocy,
dwóch tych samych pocałunków,
dwóch jednakich spojrzeń w oczy. ";Wisława Szymborska;Nic dwa razy: Wybór wierszy - Nothing Twice: Selected Poems
Ktoś tutaj był i był, a potem nagle zniknął i uporczywie go nie ma... ;Wisława Szymborska;
"Wiem jak ułożyć rysy twarzy,
by smutku nikt nie zauważył. ";Wisława Szymborska;
"Czemu ty się, zła godzino,
z niepotrzebnym mieszasz lękiem?
Jesteś - a więc musisz minąć.
Miniesz - a więc to jest piękne. ";Wisława Szymborska;Nic dwa razy: Wybór wierszy - Nothing Twice: Selected Poems
Tyle wiemy o sobie, ile nas sprawdzono ;Wisława Szymborska;Wołanie do Yeti
"Każdy przecież początek
to tylko ciąg dalszy,
a księga zdarzeń
zawsze otwarta w połowie. ";Wisława Szymborska;Poezje
"Nic dwa razy się nie zdarza 
i nie zdarzy. Z tej przyczyny 
zrodziliśmy się bez wprawy 
i pomrzemy bez rutyny. ";Wisława Szymborska;Nic dwa razy: Wybór wierszy - Nothing Twice: Selected Poems
Przepraszam dawną miłość, że nową uważam za pierwszą. ;Wisława Szymborska;
"Kiedy wymawiam słowo Przyszłość,
pierwsza sylaba odchodzi już do przeszłości.

Kiedy wymawiam słowo Cisza, niszczy ją.

Kiedy wymawiam słowo Nic,
stwarzam coś, co nie mieści się w żadnym niebycie.
";Wisława Szymborska;Wiersze wybrane
Czytanie książek to najpiękniejsza zabawa, jaką sobie ludzkość wymyśliła ;Wisława Szymborska;
"Żaden dzień się nie powtórzy,
nie ma dwóch podobnych nocy,
dwóch tych samych pocałunków,
dwóch jednakich spojrzeń w oczy. ";Wisława Szymborska;Nic dwa razy: Wybór wierszy - Nothing Twice: Selected Poems
Ktoś tutaj był i był, a potem nagle zniknął i uporczywie go nie ma... ;Wisława Szymborska;
"Wiem jak ułożyć rysy twarzy,
by smutku nikt nie zauważył. ";Wisława Szymborska;
"Czemu ty się, zła godzino,
z niepotrzebnym mieszasz lękiem?
Jesteś - a więc musisz minąć.
Miniesz - a więc to jest piękne. ";Wisława Szymborska;Nic dwa razy: Wybór wierszy - Nothing Twice: Selected Poems
Tyle wiemy o sobie, ile nas sprawdzono ;Wisława Szymborska;Wołanie do Yeti
"Każdy przecież początek
to tylko ciąg dalszy,
a księga zdarzeń
zawsze otwarta w połowie. ";Wisława Szymborska;Poezje
"Nic dwa razy się nie zdarza 
i nie zdarzy. Z tej przyczyny 
zrodziliśmy się bez wprawy 
i pomrzemy bez rutyny. ";Wisława Szymborska;Nic dwa razy: Wybór wierszy - Nothing Twice: Selected Poems
Przepraszam dawną miłość, że nową uważam za pierwszą. ;Wisława Szymborska;
"Kiedy wymawiam słowo Przyszłość,
pierwsza sylaba odchodzi już do przeszłości.

Kiedy wymawiam słowo Cisza, niszczy ją.

Kiedy wymawiam słowo Nic,
stwarzam coś, co nie mieści się w żadnym niebycie.
";Wisława Szymborska;Wiersze wybrane
Albo go kocha albo się uparła. Na dobre, na niedobre i na litość boską. ;Wisława Szymborska;
Człowiek, który nie poczuł smaku swoich łez – nie jest prawdziwym człowiekiem. ;Wisława Szymborska;
Nie ma rozpusty gorszej niż myślenie. ;Wisława Szymborska;Widok z ziarnkiem piasku. 102 wiersze
Po każdej wojnie ktoś musi posprzątać. ;Wisława Szymborska;Widok z ziarnkiem piasku. 102 wiersze
Jestem jaka jestem. Niepojęty przypadek, jak każdy przypadek ;Wisława Szymborska;
Życie, choćby i długie, zawsze będzie krótkie. ;Wisława Szymborska;Widok z ziarnkiem piasku. 102 wiersze
Nie umiem się nadziwić, namilczeć się temu. ;Wisława Szymborska;Wszelki wypadek
"Każdy przecież początek 
to tylko ciąg dalszy,
a księga zdarzeń 
zawsze otwarta w połowie. ";Wisława Szymborska;Koniec i początek
... nie ma pytań pilniejszych od pytań naiwnych. ;Wisława Szymborska;Widok z ziarnkiem piasku. 102 wiersze
"Żyjemy dłużej, 
ale mniej dokładnie
i krótszymi zdaniami. ";Wisława Szymborska;Tutaj/Here
Moje znaki szczególne/ to zachwyt i rozpacz. ;Wisława Szymborska;Widok z ziarnkiem piasku. 102 wiersze
Czytanie książek to najpiękniejsza zabawa, jaką sobie ludzkość wymyśliła ;Wisława Szymborska;
"Żaden dzień się nie powtórzy,

nie ma dwóch podobnych nocy,

dwóch tych samych pocałunków,

dwóch jednakich spojrzeń w oczy. ";Wisława Szymborska;
"Radość pisania. 
Możność utrwalania. 
Zemsta ręki śmiertelnej. ";Wisława Szymborska;Widok z ziarnkiem piasku. 102 wiersze
...co nie do pomyślenia, jest do pomyślenia. ;Wisława Szymborska;Widok z ziarnkiem piasku. 102 wiersze
Życie pisze najbardziej oryginalne, najbardziej komiczne, a jednocześnie najbardziej dramatyczne scenariusze. ;Wisława Szymborska;
Posłuchaj jak mi prędko bije Twoje serce ;Wisława Szymborska;
Żaden dzień się nie powtórzy, nie ma dwóch podobnych nocy, dwóch tych samych pocałunków, dwóch jednakich spojrzeń w oczy. ;Wisława Szymborska;Nic dwa razy: Wybór wierszy - Nothing Twice: Selected Poems
Nie ma rozpusty gorszej niż myślenie. ;Wisława Szymborska;Zmysł udziału. Wybór wierszy
Jestem kim jestem. Niepojęty przypadek jak każdy przypadek. ;Wisława Szymborska;Chwila
Każdy przecież początek to tylko ciąg dalszy, a księga zdarzeń zawsze otwarta w połowie. ;Wisława Szymborska;Widok z ziarnkiem piasku. 102 wiersze
Nie znam roli, którą gram, wiem tylko, że jest moja, niewymienna ;Wisława Szymborska;
"Kiedy wymawiam słowo Przyszłość,
pierwsza sylaba odchodzi już do przeszłości.

Kiedy wymawiam słowo Cisza,
niszczę ją.

Kiedy wymawiam słowo Nic,
stwarzam coś, co nie mieści się w żadnym niebycie. ";Wisława Szymborska;
Wczoraj, kiedy Twoje imię ktoś wymówił przy mnie głośno, to poczułam jakby róża przez otwarte wpadła okno ;Wisława Szymborska;Chwila
"Życie na poczekaniu. 
Przedstawienie bez próby.
Ciało bez przymiarki. 
Głowa bez namysłu.

Nie znam roli, którą gram. 
Wiem tylko, że jest moja, niewymienna.

O czym jest sztuka, 
zgadywać muszę wprost na scenie.

Kiepsko przygotowana do zaszczytu życia, 
narzucone mi tempo akcji znoszę z trudem. 
Improwizuję, choć brzydzę się improwizacją. 
Potykam się co krok o nieznajomość rzeczy. 
Mój sposób bycia zatrąca zaściankiem. 
Moje instynkty to amatorszczyzna. 
Trema, tłumacząc mnie, tym bardziej upokarza. 
Okoliczności łagodzące odczuwam jako okrutne.

Nie do cofnięcia słowa i odruchy,
nie doliczone gwiazdy,
charakter jak płaszcz w biegu dopinany -
oto żałosne skutki tej nagłości.

Gdyby choć jedną środę przećwiczyć zawczasu,
albo choć jeden czwartek raz jeszcze powtórzyć!
A tu już piątek nadchodzi z nie znanym mi scenariuszem.
Czy to w porządku - pytam
(z chrypką w głosie,
bo nawet mi nie dano odchrząknąć za kulisami).
Złudna jest myśl, że to tylko pobieżny egzamin 
składany w prowizorycznym pomieszczeniu. Nie. 
Stoję wśród dekoracji i widzę, jak są solidne. 
Uderza mnie precyzja wszelkich rekwizytów. 
Aparatura obrotowa działa od długiej już chwili. 
Pozapalane zostały najdalsze nawet mgławice. 
Och, nie mam wątpliwości, że to premiera. 
I cokolwiek uczynię, 
zamieni się na zawsze w to, co uczyniłam. ";Wisława Szymborska;Nic dwa razy: Wybór wierszy - Nothing Twice: Selected Poems
Nie muszę czekać na pogodną noc, ani zadzierać głowy, żeby przyjrzeć się niebu. ;Wisława Szymborska;Widok z ziarnkiem piasku. 102 wiersze
"Już zbyt wiele się stało,
co się stać nie miało,
a to, co miało nadejść,
nie nadeszło. ";Wisława Szymborska;Ludzie na moście
Kwatera małych grobów na cmentarzu. My, długo żyjący, mijamy ją chyłkiem, jak mijają bogacze dzielnicę nędzarzy. ;Wisława Szymborska;Chwila
Mężczyzna miał poglądy – kobieta nadal tylko widzimisię, odpowiednikiem jego silnej woli był jej babski upór, a jego przezorności – jej wyrachowanie, a w sytuacjach, w których mężczyznę zwano taktykiem, kobieta pozostawała intrygantką” ;Wisława Szymborska;
"Śpię jeszcze,
a tymczasem następują fakty. ";Wisława Szymborska;Chwila
Strzeżcie się rozczarowań, bo pozory mylą. Takimi, jakimi wydają się być, rzeczy są rzadko. A kobiety nigdy. ;Andrzej Sapkowski;Sezon burz
Tak, tak - westchnął ponownie Jaskier. - Świat się zmienia, słońce zachodzi, a wódka się kończy. ;Andrzej Sapkowski;Ostatnie Życzenie. Miecz Przeznaczenia
Dobrze jest odczuwać strach. Odczuwasz strach, znaczy, jest się czego bać, bądź więc czujny. Strachu nie trzeba pokonywać. Wystarczy mu nie ulegać. I warto uczyć się odeń. ;Andrzej Sapkowski;Sezon burz
"Lot numer siedem: dzwonek z trzonkiem, mosiężny, robota krasnoludzka, wiek znaleziska trudny do oszacowania, ale rzecz z pewnością starożytna. Na obwodzie napis krasnoludzkimi runami, głoszący: ""No i czego ciulu dzwonisz"". Cena wywoławcza... ";Andrzej Sapkowski;Sezon burz
Myślałem prędzej nierządem się parać i w domy publiczne inwestować. Wśród polityków się obracałem i licznych poznałem. I przekonałem się, że lepiej przestawać z kurwami, bo kurwy mają chociaż jakiś swój honor i jakieś zasady. ;Andrzej Sapkowski;Sezon burz
"- Kiszona kapusta!(...) Rzecz to smaczna i zbawienna, taka kapusta. Zimą, gdy brak witamin, chroni przed szkorbutem. Jest nadto doskonałym środkiem antydepresyjnym.
- Jak niby?
- Zjadasz garniec kiszonej kapusty, popijasz garncem zsiadłego mleka... i wnet depresja staje się najmniejszym z twoich zmartwień. ";Andrzej Sapkowski;Sezon burz
Opowieść trwa, historia nie kończy się nigdy. ;Andrzej Sapkowski;Sezon burz
Zamknęli raz kozę w obórce z główką kapusty. Rano kapusty ani śladu, a koza sra na zielono. Ale dowodów brak i świadków nie ma, tedy sprawa umorzona, causa finita. ;Andrzej Sapkowski;Sezon burz
"[Caldemeyn] - Ale, między nami, nie rób przy niej tego, co ostatnim razem podczas kolacji. 
[Geralt] - Idzie ci o to, że rzucałem widelcem w szczura?
[Caldemeyn] - Nie. Idzie mi o to, że trafiłeś, chociaż było ciemno. ";Andrzej Sapkowski;Ostatnie Życzenie. Miecz Przeznaczenia
"- Tyś, siwy huncwocie, nadal kiepski w rachunkach - syknęła Fryga. - Znowu trzeba ci pomóc liczyć? Ty jesteś jeden, nas jest trójka. Znaczy, nas jest więcej.
- Was jest trójka - powiódł po nich wzrokiem - a ja jestem jeden. Ale wcale nie jest was więcej. To taki matematyczny paradoks i wyjątek od reguły.
- Znaczy, że jak?
- Znaczy, spierdalajcie stąd w podskokach. Póki jeszcze jesteście zdolni do podskoków. ";Andrzej Sapkowski;Sezon burz
Strzeżcie się rozczarowań, bo pozory mylą. Takimi, jakimi wydają się być, rzeczy są rzadko. A kobiety nigdy. ;Andrzej Sapkowski;Sezon burz
Tak, tak - westchnął ponownie Jaskier. - Świat się zmienia, słońce zachodzi, a wódka się kończy. ;Andrzej Sapkowski;Ostatnie Życzenie. Miecz Przeznaczenia
Dobrze jest odczuwać strach. Odczuwasz strach, znaczy, jest się czego bać, bądź więc czujny. Strachu nie trzeba pokonywać. Wystarczy mu nie ulegać. I warto uczyć się odeń. ;Andrzej Sapkowski;Sezon burz
"Lot numer siedem: dzwonek z trzonkiem, mosiężny, robota krasnoludzka, wiek znaleziska trudny do oszacowania, ale rzecz z pewnością starożytna. Na obwodzie napis krasnoludzkimi runami, głoszący: ""No i czego ciulu dzwonisz"". Cena wywoławcza... ";Andrzej Sapkowski;Sezon burz
Myślałem prędzej nierządem się parać i w domy publiczne inwestować. Wśród polityków się obracałem i licznych poznałem. I przekonałem się, że lepiej przestawać z kurwami, bo kurwy mają chociaż jakiś swój honor i jakieś zasady. ;Andrzej Sapkowski;Sezon burz
"- Kiszona kapusta!(...) Rzecz to smaczna i zbawienna, taka kapusta. Zimą, gdy brak witamin, chroni przed szkorbutem. Jest nadto doskonałym środkiem antydepresyjnym.
- Jak niby?
- Zjadasz garniec kiszonej kapusty, popijasz garncem zsiadłego mleka... i wnet depresja staje się najmniejszym z twoich zmartwień. ";Andrzej Sapkowski;Sezon burz
Opowieść trwa, historia nie kończy się nigdy. ;Andrzej Sapkowski;Sezon burz
Zamknęli raz kozę w obórce z główką kapusty. Rano kapusty ani śladu, a koza sra na zielono. Ale dowodów brak i świadków nie ma, tedy sprawa umorzona, causa finita. ;Andrzej Sapkowski;Sezon burz
"[Caldemeyn] - Ale, między nami, nie rób przy niej tego, co ostatnim razem podczas kolacji. 
[Geralt] - Idzie ci o to, że rzucałem widelcem w szczura?
[Caldemeyn] - Nie. Idzie mi o to, że trafiłeś, chociaż było ciemno. ";Andrzej Sapkowski;Ostatnie Życzenie. Miecz Przeznaczenia
"- Tyś, siwy huncwocie, nadal kiepski w rachunkach - syknęła Fryga. - Znowu trzeba ci pomóc liczyć? Ty jesteś jeden, nas jest trójka. Znaczy, nas jest więcej.
- Was jest trójka - powiódł po nich wzrokiem - a ja jestem jeden. Ale wcale nie jest was więcej. To taki matematyczny paradoks i wyjątek od reguły.
- Znaczy, że jak?
- Znaczy, spierdalajcie stąd w podskokach. Póki jeszcze jesteście zdolni do podskoków. ";Andrzej Sapkowski;Sezon burz
Historia [...] to relacja, większością kłamliwa, ze zdarzeń, większością nieistotnych, zdawana nam przez historyków, większością durniów. [Geralt] ;Andrzej Sapkowski;Sezon burz
Stąd wiedział, że deklarację o bezpieczeństwie portali można było umieścić w tej samej przegródce, co twierdzenia: mój piesek nie gryzie, mój synek to dobry chłopiec, bigos jest świeży, pieniądze dam najdalej pojutrze, noc spędziłam u przyjaciółki, na sercu leży mi wyłącznie dobro ojczyzny oraz odpowiesz tylko na kilka pytań i zaraz cię zwolnimy. ;Andrzej Sapkowski;Sezon burz
"- Miecze kaleczą. I zabijają, [Edwina]
- Życie też. [Geralt] ";Andrzej Sapkowski;Sezon burz
"-Słusznie ktoś kiedyś powiedział - rzekł Addario Bach, wpatrzony w zjawisko. - Że to trzy najpiękniejsze widoki na świecie. Okręt pod pełnymi żaglami , koń w galopie i ta , no ... naga kobieta w łóżku. 
- Kobieta w tańcu - uśmiechnął się lekko wiedźmin - w tańcu , Addario.
- Niech Ci będzie - zgodził się krasnolud - że naga w tańcu . ";Andrzej Sapkowski;Sezon burz
Nigdy nie ma się drugiej okazji, żeby zrobić pierwsze wrażenie. Chodź, napijemy się lepiej piwa. ;Andrzej Sapkowski;Ostatnie Życzenie. Miecz Przeznaczenia
"[Jaskier] - Nie zapominaj, jestem naturą skomplikowaną. [Geralt] - Jaskier - westchnął wiedźmin, robiąc się naprawdę senny. - Jesteś cynik, świntuch, kurwiarz i kłamca. I nic, uwierz mi, nic nie ma w tym skomplikowanego. Dobranoc.
[Jaskier] - Dobranoc, Geralt. ";Andrzej Sapkowski;Ostatnie Życzenie. Miecz Przeznaczenia
Rycerz bez blizny to kutas nie rycerz. ;Andrzej Sapkowski;Ostatnie Życzenie. Miecz Przeznaczenia
"- Psiakrew, ręce mi się wciąż trochę trzęsą. Tobie nie?
- Nie - Geralt uśmiechnął się do wspomnień. - Pod tym względem jestem...nieco upośledzony.
- Niektórym to dobrze - wyszczerzył zęby krasnolud. - Nawet upośledzenia przytrafiają się im fajne. ";Andrzej Sapkowski;Sezon burz
Wyszło na wasze: to, kim się było, u ludzi większe ma znaczenie niż to, kim się jest.[Dussart] ;Andrzej Sapkowski;Sezon burz
"[Geralt] - Coś przeskrobał, Jaskier?
[Jaskier] - Normalnie - wzruszył ramionami trubadur - Wymaga monogamii, jedna z drugą, a sama rzuca w człowieka cudzymi spodniami. Słyszałeś, co o mnie wykrzykiwała? Na bogów, ja też znam takie, które ładniej odmawiają niż ona daje, ale nie krzyczę o tym po ulicach. ";Andrzej Sapkowski;Ostatnie Życzenie. Miecz Przeznaczenia
Wyjaśnienia wasze - ocenił spokojnie Geralt - mętne są, bez urazy, jak mocz z zainfekowanego pęcherza. A szlachetność celu waszej ekspedycji wątpliwa jak cnota panienki rankiem po wiejskim festynie. ;Andrzej Sapkowski;Sezon burz
Powiedzieć ci dobry wiedźminie kim są ludzie dobrzy? To tacy, którym los poskąpił szansy skorzystania z dobrodziejstw bycia złymi. Względnie tacy, którzy szansę taką mieli ale byli za głupi by z niej skorzystać. ;Andrzej Sapkowski;Sezon burz
"- I co teraz?
- Teraz -wyjaśnił mu rzeczowo krasnolud - to mamy zamaszyście przejebane. ";Andrzej Sapkowski;Sezon burz
Najwyższa ze strażniczek, widać komendantka, odepchnęła od siebie miskę, wstała. Geralt, który zawsze uważał, że brzydkich kobiet nie ma, nagle poczuł się zmuszony do rewizji tego poglądu. ;Andrzej Sapkowski;Sezon burz
Elita społeczna w niewielkim tylko procencie złożona była z ludzi sądzących, że higiena to imię prostytutki, a rzeżączka to ptak z rodziny skowronków. ;Andrzej Sapkowski;Sezon burz
"- I co? - nie wytrzymał poeta. - Co jest na tym polu?
- Ano - Dhun uniósł głowę, podrapał się za uchem. -Ano, grasuje tam diaboł.
- Co? - parsknął Jaskier. - Co takiego?
- Przecie mówię. Diaboł.
- Jaki diaboł?
- A jaki ma być? Diaboł i tyle.
- Diabłów nie ma!
- Nie wtrącaj się, Jaskier - rzekł Geralt spokojnym głosem. - A wy mówcie dalej,mości Dhun.
- Przecie mówię: diaboł.
- To już wiem. - Geralt, gdy chciał, potrafił być niesłychanie cierpliwy. - Powiedzcie, jak wygląda, skąd się wziął, w czym wam przeszkadza. Po kolei, jeśli łaska.
- Ano - Dhun uniósł sękatą dłoń i jął wyliczać, po kolei odginając palce, z wielkim trudem. - Po kolei, jako żywo, mądry z was człek. Ano, tak. Wygląda to on, panie, jak
diaboł, wypisz wymaluj diaboł. Skąd się wziął? Ano znikąd. Bęc, trzask, prask i patrzym: diaboł. A przeszkadzać
to on nam po prawdzie nie zanadto przeszkadza. Bywa nawet, że pomaga. - Pomaga? - zarechotał Jaskier, usiłując wyciągnąć muchę z piwa. - Diabeł?
- Nie wtrącaj się, Jaskier. Mówcie dalej, panie Dhun. W jaki to sposób pomaga wam ten, jak powiadacie...
- Diaboł - powtórzył z naciskiem kmieć. - Ano, pomaga tak: grunt użyźnia, glebę wzrusza, krety tępi, ptaki płoszy, rzepy i buraków dogląda. A i liszkę, co się w kapuście
lęgnie, zjada. Ale
kapustę takoż po prawdzie zjada. Nic, ino by żarł. Jak to diaboł.
Jaskier znowu zarechotał, po czym pstryknął palcami i strzelił zmoczoną w piwie muchą w kota śpiącego przy palenisku. Kot otworzył jedno oko i spojrzał na barda z
wyrzutem.
- Wszelakoż - rzekł spokojnie wiedźmin - gotowiście mi zapłacić, by pozbyć się tego diabła, czy tak? Innymi słowy, nie chcecie go w okolicy?
- A któżby - Dhun spojrzał na niego ponuro - chciał diaboła na ojcowiźnie? ";Andrzej Sapkowski;Ostatnie Życzenie. Miecz Przeznaczenia
Źle ci to idzie, Tzara. Nie umiesz. Żeby kogoś dobrze znieważyć, nie wystarczy przemożne pragnienie, entuzjazm ani zapał. Konieczny jest warsztat. [Geralt] ;Andrzej Sapkowski;Sezon burz
Zajmowany przez barda pokoik był przytulny. W sensie dosłownym - żeby dostać się do łóżka, trzeba było mocno przytulić się do ściany. ;Andrzej Sapkowski;Sezon burz
Przygnębion, strapion i zgryzotą trawion, przez co zgryźliw i opryskliw. ;Andrzej Sapkowski;Sezon burz
"Chłopy trawy koszą
Baby siano noszą
W niebo popatrzają
Deszczu się bojają

Na górce stoimy
Przed deszczem chronimy
Chujami machamy
Chmury rozgarniamy! ";Andrzej Sapkowski;Sezon burz
Po czterdziestu dwu latach bycia wilkołakiem - powiedział , napotykając wzrok wiedźmina - wręcz wypadało wreszcie kogoś zagryźć. ;Andrzej Sapkowski;Sezon burz
"Północ blisko, ogień przygasa. Posiedzę jeszcze, zawsze najlepiej układało mi się rymy przy dogasającym ogniu. A potrzebuję dla mojej ballady tytułu. Ładnego tytułu.
- Może ""Kraniec świata""?
- Banalne - parsknął poeta. - Nawet jeśli to faktycznie kraniec, trzeba to miejsce określić inaczej. Metaforycznie. Zakładam, że wiesz, co to metafora, Geralt? Hm... Niech
pomyślę... ""Tam, gdzie..."" Cholera. ""Tam, gdzie...""
- Dobranoc - powiedział diabeł. ";Andrzej Sapkowski;Ostatnie Życzenie. Miecz Przeznaczenia
Głosi ludowa mądrość: miej nadzieję na najlepsze, bądź gotów na najgorsze. ;Andrzej Sapkowski;Sezon burz
Mój błysk przebije ciemności, moja jasność mroki rozproszy. ;Andrzej Sapkowski;Sezon burz
"- [...]Żona zaś prosiła spytać, jak też panowie znajdują wieprzowinkę.
- Znajdujemy ją wśród kaszy - odrzekł Jaskier. - Co jakiś czas. Nie tak często, jakbyśmy chcieli. ";Andrzej Sapkowski;Sezon burz
Właśnie mam zamiar ułożyć balladę o dwóch cyckach. Proszę mi nie przeszkadzać. ;Andrzej Sapkowski;Ostatnie Życzenie. Miecz Przeznaczenia
Obaj są... takie wrażenie odniosłem...śliscy jak gówno w majonezie. Jeśli wiesz, co przez to chcę powiedzieć. Gerald potwierdził, że wie, że sam odniósł takie wrażenie, rozmawiając z Egmundem, ale nie umiał tego równie pięknie ująć w słowa. ;Andrzej Sapkowski;Sezon burz
[...] ballad nie pisze się,by w nie wierzono,ale po to by sie nimi wzruszano. ;Andrzej Sapkowski;Ostatnie Życzenie. Miecz Przeznaczenia
W każdej baśni jest ziarno prawdy - rzekł cicho wiedźmin. - Miłość i krew. Obie mają potężną moc. Magowie i uczeni łamią sobie nad tym głowy od lat, ale nie doszli do niczego, poza tym, że (...) miłość musi być prawdziwa. ;Andrzej Sapkowski;Ostatnie Życzenie. Miecz Przeznaczenia
Lęk nigdy nie bywa irracjonalny...pomijając problemy psychiczne. ;Andrzej Sapkowski;Sezon burz
Miałem chęć poradzić mu, by spróbował połaskotać jej kurzym piórkiem rowek w tyłku, zabieg taki rozwesela nawet największe ponuraczki. ;Andrzej Sapkowski;Sezon burz
Mówią, że postęp rozjaśnia mroki. Ale zawsze, zawsze będzie istniała ciemność. I zawsze będzie w ciemności Zło, zawsze będą w ciemności kły i pazury, mord i krew. Zawsze będą istoty, co nocą łomocą. A my, wiedźmini, jesteśmy od tego, by przyłomotać im. ;Andrzej Sapkowski;Sezon burz
Podbródek miał przedziałek, przez co wyglądał jak miniaturowa dupa ;Andrzej Sapkowski;Sezon burz
"Dowieść trzeba winy. Nie niewinności."" [Geralt] ";Andrzej Sapkowski;Sezon burz
Lytta Neyd była kobietą, z którą tylko kompletny idiota mógłby chcieć związać się na dłużej niż dwie doby. Ciekawym było, że za takimi właśnie kobietami uganiały sie zwykle watahy mężczyzn skłonnych związać się na całkiem długo. ;Andrzej Sapkowski;Sezon burz
On, Ortolan, da ludzkości dobrodziejstwo pokoju, choćby wprzód trzeba było połowę ludzkości wybić. ;Andrzej Sapkowski;Sezon burz
Za pomyślność sprawy słusznej! ;Andrzej Sapkowski;Sezon burz
[Jaskier]- Jak to? Mam milczeć? Tego żądać nie możesz! Jakiż sens wiedzieć o czymś, jeśli wiedzą nie można się pochwalić? ;Andrzej Sapkowski;Sezon burz
"Pomimo dokonującego się postępu, który,
jak się nam każe wierzyć, ma rozjaśniać mroki, eliminować zagrożenia i odpędzać strachy.
Jak dotąd, postęp większych sukcesów w tej materii nie odniósł. Jak dotąd, postęp tylko
wmawia nam, że ciemność to wyłącznie ćmiący światło przesąd, że nie ma się czego bać. Ale
to nieprawda. Jest się czego bać. Bo zawsze, zawsze będzie istniała ciemność. I zawsze
będzie rozpanoszone w ciemności Zło, zawsze będą w ciemności kły i pazury, mord i krew. I
zawsze będą potrzebni wiedźmini. I oby zawsze zjawiali się tam, gdzie właśnie są potrzebni.
Tam, skąd dobiega wołanie o pomoc. Tam, skąd się ich przyzywa. Oby zjawiali się, wzywani,
z mieczem w ręku. Mieczem, którego błysk przebije ciemności, którego jasność mroki
rozproszy. ";Andrzej Sapkowski;Sezon burz
"[...]im więcej krzywdy dzieje się idiotom, tym większa korzyść dla rozumnych."" ~Addario Bach~ ";Andrzej Sapkowski;Sezon burz
"Strzeżcie się rozczarowań, bo pozory mylą. Takimi jakimi wydają się być, rzeczy są bardzo rzadko. A kobiety nigdy.""
Jaskier, ""Pół wieku poezji ";Andrzej Sapkowski;Sezon burz
Kobieta ma prawo oczekiwać od mężczyzny tylko dwóch podarków: na lato ciąża, a na zimę łapcie z cienkiego łyka. Tak pierwszy, jak i drugi podarek ma za zadanie zakotwiczyć kobietę w domu. [Belohun] ;Andrzej Sapkowski;Sezon burz
Zwykłość zaś równa się nijakość, a nijakość to taniość. ;Andrzej Sapkowski;Sezon burz
Spali na uschniętych paprociach, bardzo blisko siebie, zwyczajem driad. W środku nocy Braenn objęła go, przytuliła się mocno. I nic więcej. Objął ją. I nic więcej. Była driadą. Chodziło tylko o ciepło. ;Andrzej Sapkowski;Ostatnie Życzenie. Miecz Przeznaczenia
W uśmiech radosny powinieneś stroić zatem lica, nie zaś w grymas mroczny i posępny, z którym, uwierz mi, wyjątkowo ci nie do twarzy, wyglądasz z nim po prostu jak człowiek na ciężkim kacu, który na domiar struł się zakąską i nie pamięta, na czym i kiedy złamał ząb ani skąd te ślady nasienia na spodniach. ;Andrzej Sapkowski;Sezon burz
"- Destylat jest z alrauny - rozwiał wątpliwości Regis. 
- Wzbogaconej belladonną. I sfermentowaną masą skrobiową. 
- Znaczy, zacierem? 
- Można to i tak nazwać. 
- A jakiś kubek można dostać? ";Andrzej Sapkowski;Chrzest ognia
Tak to już jest, zdrajcy zdradzają zdrajców. ;Andrzej Sapkowski;Sezon burz
Urzędnicy państwowi winni być majętni. Im urzędnik państwowy majętniejszy, tym prestiż państwa wyższy. ;Andrzej Sapkowski;Sezon burz
Wszystko to są w ich mniemaniu hybrydy użyteczne, mające ułatwić i uprzyjemnić ludziom egzystencję. Zaiste, są o krok od stworzenia kobiety o idealnie płaskich plecach, by można było chędożyć ją od tyłu i jednocześnie mieć gdzie postawić kieliszek szampana i kłaść pasjansa. ;Andrzej Sapkowski;Sezon burz
Odwróciła głowę profilem. W samej rzeczy, musiała być niegdyś piękną niewiastą. Ale kurewsko dawno. ;Andrzej Sapkowski;Sezon burz
Zmieniać trza onuce, zmieniać. Co jakiś czas. [Zielarka] ;Andrzej Sapkowski;Sezon burz
Powiedzieć ci, dobry Wiedźminie, kim są ludzie dobrzy? To tacy, którym los poskąpił szansy skorzystania z dobrodziejstw bycia złymi. Względnie tacy, którzy szansę taką mieli, ale byli za głupi, by z niej skorzystać. ;Andrzej Sapkowski;Sezon burz
Odpłać ciosem za cios, pogardą za pogardę, śmiercią za śmierć, a odpłać z potężnym procentem! Oko za oko, ząb za ząb, w czwórnasób, po stokroć! ;Andrzej Sapkowski;Sezon burz
(…) w życiu jak na poczcie – nawet bardzo paskudne rzeczy doręczane bywają w całkiem niepozornych opakowaniach. ;Andrzej Sapkowski;Sezon burz
Błąd mógłbym wybaczyć, nieudolności nie. ;Andrzej Sapkowski;Sezon burz
"- Jaskier! Nie śpij w siodle!

- Ja nie śpię. Ja twórczo myślę! ";Andrzej Sapkowski;Wieża Jaskółki
Tam, gdzie dziś piętrzą się góry, będą kiedyś morza, tam, gdzie dziś wełnią się morza, będą kiedyś pustynie. A głupota pozostanie głupotą. ;Andrzej Sapkowski;Krew elfów
Nie obrażaj więc mojej inteligencji poprzez czynione na pokaz zaniżanie własnej. ;Andrzej Sapkowski;Sezon burz
Zdrowie ludzi, którzy przeciw mnie występują, zwykło ulegać gwałtownemu pogorszeniu. To fakt potwierdzony przez nauki medyczne. ;Andrzej Sapkowski;Sezon burz
Zło to zło, Stregoborze - rzekł poważnie wiedźmin wstając. - Mniejsze, większe, średnie, wszystko jedno, proporcje są umowne, a granice zatarte. Nie jestem świątobliwym pustelnikiem, nie samo dobro czyniłem w życiu. Ale jeżeli mam wybierać pomiędzy jednym złem a drugim, to wolę nie wybierać wcale. ;Andrzej Sapkowski;Ostatnie Życzenie. Miecz Przeznaczenia
Dobrze jest odczuwać strach. Odczuwasz strach, znaczy, jest się czego bać, bądź więc czujny. Strachu nie trzeba pokonywać. Wystarczy mu nie ulegać. I warto uczyć się odeń. ;Andrzej Sapkowski;Sezon burz
Dla mnie zawsze jest po raz pierwszy. ;Andrzej Sapkowski;Sezon burz
- Za pomyślność sprawy słusznej! - A na pohybel skurwysynom! – odpowiedział krasnolud, stukając kuflem o jego kufel. – Miło napić się z kimś, kto zna obyczaj i protokół. ;Andrzej Sapkowski;Sezon burz
Co się stało, to się stało, nic już tego nie odmieni. I nie ma co się nad tym rozwodzić. ;Andrzej Sapkowski;Sezon burz
"- W tym kraju sądy są niezawisłe! [Xander]
- Sądy tak. Ale sędziowie nie. [Belohun] ";Andrzej Sapkowski;Sezon burz
"- Nie - powtórzyła. - Nie mogę, Geralt. Nie mogę ci tego powiedzieć. Powie ci to ten ptak, zrodzony z dotknięcia twojej dłoni. Ptaku? Czym jest prawda? 
- Prawda - powiedziała pustułka - jest okruchem lodu. ";Andrzej Sapkowski;Miecz przeznaczenia
Temu złap rusałkę, temu nimfę, owemu dziwożonę. Pogłupieli doszczętnie, po wsiach pełno dziewek jak rzepy, a im się chce nieludek. ;Andrzej Sapkowski;Ostatnie Życzenie. Miecz Przeznaczenia
Baczyć aby trzeba, coby wiedźmaka nie dotykać, bo od tego oparszywieć można. A dziewki przed nim kryć, bo wiedźmak chutliwy jest ponad miarę wszelką... ;Andrzej Sapkowski;Ostatnie życzenie
On, skąpiec, który za potrzebą chodzi do parku, żeby oszczędzić emalię na nocniku wydaje na weselną ucztę górę złota. ;Andrzej Sapkowski;Sezon burz
Bo wszystko, co dziś niemożliwe, jutro możliwym się uczyni. ;Andrzej Sapkowski;Sezon burz
Strzyg, wiwern, endriag i wilkołaków wkrótce nie będzie na tym świecie. A skurwysyny będą zawsze. ;Andrzej Sapkowski;Czas pogardy
- Iluzja – usłyszał głos aguary. – wszystko jest iluzją. ;Andrzej Sapkowski;Sezon burz
Był poetą, miał więc prawo wzdychać, ile chciał. ;Andrzej Sapkowski;Sezon burz
Ruina. Pomnik zdruzgotanego świata. ;Andrzej Sapkowski;Sezon burz
Geralt, który zawsze uważał że, brzydkich kobiet nie ma, nagle poczuł się zmuszony do rewizji tego poglądu... ;Andrzej Sapkowski;Sezon burz
Być neutralnym to nie znaczy być obojętnym i nieczułym. Nie trzeba zabijać w sobie uczuć. Wystarczy zabić w sobie nienawiść. ;Andrzej Sapkowski;Krew elfów
"- Co jest pomiędzy tobą a Geraltem, pani Yennefer? 
- Tęsknota - odpowiedziała poważnie. - Żal. Nadzieja. I lęk. ";Andrzej Sapkowski;Krew elfów
"- Mój rumak nazywa się Pegaz.
- Jakżeby inaczej. Wiesz co? Moja elfią kobyłę też jakoś nazwiemy. Hmmm...
- Może Płotka? - zakpił trubadur.
- Płotka - zgodził się wiedźmin. - Ładnie.
- Geralt?
- Słucham.
- Czy miałeś w życiu konia, który nie nazywał się Płotka?
- Nie - odrzekł wiedźmin po chwili zastanowienia. - Nie miałem. ";Andrzej Sapkowski;Chrzest ognia
"Trzeba skończyć z samowładną tyranią, wprowadzić monarchię konstytucyjną, a po niej demokrację...

- Co?

- Ludowładztwo. Ustrój, w którym rządził będzie lud, Ogół obywateli wszystkich stanów, poprzez wyłonionych w uczciwych wyborach najgodniejszych i najuczciwszych reprezentantów...

Rience ryknął śmiechem. Zaśmiał się dziko Bonhart. Serdecznie, choć trochę skrzekliwie, zaśmiał się z ksenoglozu czarodziej Vilgefortz. Wszyscy trzej długo śmiali się i rechotali, roniąc łzy jak grochy. ";Andrzej Sapkowski;Wieża Jaskółki
Siennik ubity był na półtwardo przez przejezdnych kupców, znanych amatorów seksu intensywnie pozamałżeńskiego. ;Andrzej Sapkowski;Sezon burz
Z początku obmyślał plany ucieczki. Potem przyszła dźwięcząca pustką rozpacz. Po niej nastąpiło ciemne otępienie, kiedy rozum usunął się z jego życia, zasklepił się, wciągając w siebie nitki uczuć i zmysłów, i skulił się gdzieś w kąciku świadomości. ;Dmitry Glukhovsky;Metro 2033
"Kiedy przeżywasz wyznaczony ci czas... jakby
to objaśnić... Może się zdarzyć, że przydarzy ci się coś, co sprawi, że będziesz wykonywał
określone działania i podejmował określone decyzje, przy czym masz wolny wybór: jak
chcesz, to robisz tak, jak nie - to inaczej. Ale jeśli podejmiesz prawidłową decyzję, to rzeczy,
które się będą dalej z tobą działy, już nie będą, jak się wyraziłeś, przypadkowymi
zdarzeniami. Będą uwarunkowane wyborem, którego dokonałeś. ";Dmitry Glukhovsky;Metro 2033
Ten, któremu starczy odwagi i wytrwałości, by przez całe życie wpatrywać się w mrok, pierwszy dojrzy w nim przebłysk światła. ;Dmitry Glukhovsky;Metro 2033
"- Bardzo mi się podoba, jak grasz, tak jak i wszystkim innym... Nie są ci potrzebne twoje naboje? Tyle ich oddałeś, żeby nas tu wpuścili.
- Są potrzebne tylko po to, żeby starczyło na jedzenie. A zawsze starcza. Głupio grać dla pieniędzy.
- W takim razie po co grasz?
- Dla muzyki - roześmiał się. - Dla ludzi. Nawet nie, to nie tak. Dla tego, co muzyka robi z ludźmi.
- A co ona z nimi robi?
- Mówiąc ogólnie - wszystko, co się chce - Leonid znowu spoważniał. - Znam taką, która sprawia, że się kocha, i taką, która sprawia, że się płacze.
- A to, co grałeś poprzednim razem - Sasza spojrzała na niego podejrzliwie. - Ten utwór bez tytułu. Co on robi z ludźmi?
- Ten? - zagwizdał wstęp. - Nic nie robi. Po prostu usuwa ból. ";Dmitry Glukhovsky;Metro 2034
O czym myśleli każdego dnia? Czego się bali? Czego w ogóle mogą się bać ludzie, jeśli nie muszą w każdej sekundzie obawiać się o swoje życie i stale o nie walczyć, próbując przedłużyć je choćby o jeden dzień? ;Dmitry Glukhovsky;Metro 2033
"Język? Tak, to niewątpliwie odróżnia człowieka od pozostałych zwierząt. Szlifowanie nieoczyszczonych myśli w brylanty słów, które mogą stać się wspólną monetą, trafić do wszystkich. Umiejętność nawet nie tyle wyrażania tego, co powstaje w głowie, a porządkowania; wlewanie niestałych, płynnych jak roztopiony metal obrazów w sztywne formy. Jasność i trzeźwość umysłu, możliwość, by ściśle i jednoznacznie przekazywać z ust do ust polecenia i wiedzę. Stąd zdolność do organizowania się i podporządkowywania, zwoływania armii i tworzenia państw.
Lecz mrówki obywają się bez słów, na swoim, niezauważalnym dla człowieka poziomie tworząc prawdziwe metropolie, odnajdując swoje miejsce w najbardziej skomplikowanych hierarchiach, wymieniając między sobą dokładne informacje i komendy, powołując tysiące tysięcy do nieustraszonych legionów z żelazną dyscypliną, które ścierają się w niesłyszalnych, lecz bezlitosnych wojnach między ich kieszonkowymi imperiami. ";Dmitry Glukhovsky;Metro 2034
Wilk, kiedy jest syty, popada w błogą apatię, spędzając czas na pieszczotach i zabawie, dopóki kłucie w brzuchu nie popędzi go dalej. Kiedy człowiek jest syty, budzi się w nim tęsknota innego rodzaju. Nieuchwytna, niepojęta – ta sama, która sprawia, że godzinami patrzy w gwiazdy, szoruje ochrą po ścianach swojej jaskini, ozdabia rzeźbionymi figurami dziób swojej łodzi wojennej, przez całe stulecia garbi się pod ciężarem, by wznosić kamienne kolosy, zamiast wzmacniać ściany twierdz, i traci życie na cyzelowanie kunsztu posługiwania się słowem, zamiast doskonalić się w sztuce władania mieczem. Ta sama, która sprawia, że były pomocnik maszynisty poświęca swoje ostatnie lata na poszukiwania, poszukiwania i próby napisania czegoś... Czegoś takiego... Tęsknota, którą próbuje ukoić brudny i nędzny tłum, kiedy uważnie słucha wędrownych skrzypków, król, kiedy przygarnia trubadurów i roztacza mecenat nad malarzami, a urodzona w podziemiach dziewczyna długo przypatruje się pomalowanemu byle jak opakowaniu po herbacie. Niejasny, lecz potężny zew, który zdolny był nawet zagłuszyć głód – to miał tylko człowiek. ;Dmitry Glukhovsky;Metro 2034
I nawet jeśli człowiek przetrwa w tym obecnym piekle jako gatunek biologiczny, to czy zachowa tę kruchą, prawie nieuświadomioną, lecz niewątpliwie realną cząstkę swojej istoty? Tę iskrę, która dziesięć tysięcy lat wcześniej przekształciła na wpół głodne zwierzę z mętnym wzrokiem w istotę innego porządku? W stworzenie targane duchowym głodem silniej niż głodem cielesnym? Stworzenie miotające się, wiecznie miotające się między duchową wielkością a małością, między niezrozumiałym miłosierdziem, niedopuszczalnym u drapieżników, i nieusprawiedliwionym okrucieństwem, z którym nie mógł się równać nawet bezduszny świat owadów? Wznoszące wspaniałe pałace i malujące niewiarygodne malowidła, dorównując Stwórcy w umiejętności syntezy czystego piękna – i konstruujące komory gazowe i bomby wodorowe, by unicestwiać wszystko, co samo stworzyło i jak najmniejszym kosztem tępić sobie podobnych? Starannie stawiające na plaży zamki z piasku i namiętnie je burzące? Iskrę, która przekształciła je w istotę nie znającą granic w niczym, trwożliwą i niespożytą, która nie umie zaspokoić swego dziwnego głodu, ale poświęca całe życie na takie próby? W człowieka? ;Dmitry Glukhovsky;Metro 2034
(...)niektóre zagadki są piękne właśnie dlatego, że nie mają rozwiązania, i że są pytania, na które lepiej nie znać odpowiedzi. ;Dmitry Glukhovsky;Metro 2033
Bo jaki sens ma takie życie? Czepiać się go, wytrzymywać cały ten brud, poniżenie, własnymi dziećmi handlować, żreć mech, w imię czego? ;Dmitry Glukhovsky;Metro 2033
Z początku obmyślał plany ucieczki. Potem przyszła dźwięcząca pustką rozpacz. Po niej nastąpiło ciemne otępienie, kiedy rozum usunął się z jego życia, zasklepił się, wciągając w siebie nitki uczuć i zmysłów, i skulił się gdzieś w kąciku świadomości. ;Dmitry Glukhovsky;Metro 2033
"Kiedy przeżywasz wyznaczony ci czas... jakby
to objaśnić... Może się zdarzyć, że przydarzy ci się coś, co sprawi, że będziesz wykonywał
określone działania i podejmował określone decyzje, przy czym masz wolny wybór: jak
chcesz, to robisz tak, jak nie - to inaczej. Ale jeśli podejmiesz prawidłową decyzję, to rzeczy,
które się będą dalej z tobą działy, już nie będą, jak się wyraziłeś, przypadkowymi
zdarzeniami. Będą uwarunkowane wyborem, którego dokonałeś. ";Dmitry Glukhovsky;Metro 2033
Ten, któremu starczy odwagi i wytrwałości, by przez całe życie wpatrywać się w mrok, pierwszy dojrzy w nim przebłysk światła. ;Dmitry Glukhovsky;Metro 2033
"- Bardzo mi się podoba, jak grasz, tak jak i wszystkim innym... Nie są ci potrzebne twoje naboje? Tyle ich oddałeś, żeby nas tu wpuścili.
- Są potrzebne tylko po to, żeby starczyło na jedzenie. A zawsze starcza. Głupio grać dla pieniędzy.
- W takim razie po co grasz?
- Dla muzyki - roześmiał się. - Dla ludzi. Nawet nie, to nie tak. Dla tego, co muzyka robi z ludźmi.
- A co ona z nimi robi?
- Mówiąc ogólnie - wszystko, co się chce - Leonid znowu spoważniał. - Znam taką, która sprawia, że się kocha, i taką, która sprawia, że się płacze.
- A to, co grałeś poprzednim razem - Sasza spojrzała na niego podejrzliwie. - Ten utwór bez tytułu. Co on robi z ludźmi?
- Ten? - zagwizdał wstęp. - Nic nie robi. Po prostu usuwa ból. ";Dmitry Glukhovsky;Metro 2034
O czym myśleli każdego dnia? Czego się bali? Czego w ogóle mogą się bać ludzie, jeśli nie muszą w każdej sekundzie obawiać się o swoje życie i stale o nie walczyć, próbując przedłużyć je choćby o jeden dzień? ;Dmitry Glukhovsky;Metro 2033
"Język? Tak, to niewątpliwie odróżnia człowieka od pozostałych zwierząt. Szlifowanie nieoczyszczonych myśli w brylanty słów, które mogą stać się wspólną monetą, trafić do wszystkich. Umiejętność nawet nie tyle wyrażania tego, co powstaje w głowie, a porządkowania; wlewanie niestałych, płynnych jak roztopiony metal obrazów w sztywne formy. Jasność i trzeźwość umysłu, możliwość, by ściśle i jednoznacznie przekazywać z ust do ust polecenia i wiedzę. Stąd zdolność do organizowania się i podporządkowywania, zwoływania armii i tworzenia państw.
Lecz mrówki obywają się bez słów, na swoim, niezauważalnym dla człowieka poziomie tworząc prawdziwe metropolie, odnajdując swoje miejsce w najbardziej skomplikowanych hierarchiach, wymieniając między sobą dokładne informacje i komendy, powołując tysiące tysięcy do nieustraszonych legionów z żelazną dyscypliną, które ścierają się w niesłyszalnych, lecz bezlitosnych wojnach między ich kieszonkowymi imperiami. ";Dmitry Glukhovsky;Metro 2034
Wilk, kiedy jest syty, popada w błogą apatię, spędzając czas na pieszczotach i zabawie, dopóki kłucie w brzuchu nie popędzi go dalej. Kiedy człowiek jest syty, budzi się w nim tęsknota innego rodzaju. Nieuchwytna, niepojęta – ta sama, która sprawia, że godzinami patrzy w gwiazdy, szoruje ochrą po ścianach swojej jaskini, ozdabia rzeźbionymi figurami dziób swojej łodzi wojennej, przez całe stulecia garbi się pod ciężarem, by wznosić kamienne kolosy, zamiast wzmacniać ściany twierdz, i traci życie na cyzelowanie kunsztu posługiwania się słowem, zamiast doskonalić się w sztuce władania mieczem. Ta sama, która sprawia, że były pomocnik maszynisty poświęca swoje ostatnie lata na poszukiwania, poszukiwania i próby napisania czegoś... Czegoś takiego... Tęsknota, którą próbuje ukoić brudny i nędzny tłum, kiedy uważnie słucha wędrownych skrzypków, król, kiedy przygarnia trubadurów i roztacza mecenat nad malarzami, a urodzona w podziemiach dziewczyna długo przypatruje się pomalowanemu byle jak opakowaniu po herbacie. Niejasny, lecz potężny zew, który zdolny był nawet zagłuszyć głód – to miał tylko człowiek. ;Dmitry Glukhovsky;Metro 2034
I nawet jeśli człowiek przetrwa w tym obecnym piekle jako gatunek biologiczny, to czy zachowa tę kruchą, prawie nieuświadomioną, lecz niewątpliwie realną cząstkę swojej istoty? Tę iskrę, która dziesięć tysięcy lat wcześniej przekształciła na wpół głodne zwierzę z mętnym wzrokiem w istotę innego porządku? W stworzenie targane duchowym głodem silniej niż głodem cielesnym? Stworzenie miotające się, wiecznie miotające się między duchową wielkością a małością, między niezrozumiałym miłosierdziem, niedopuszczalnym u drapieżników, i nieusprawiedliwionym okrucieństwem, z którym nie mógł się równać nawet bezduszny świat owadów? Wznoszące wspaniałe pałace i malujące niewiarygodne malowidła, dorównując Stwórcy w umiejętności syntezy czystego piękna – i konstruujące komory gazowe i bomby wodorowe, by unicestwiać wszystko, co samo stworzyło i jak najmniejszym kosztem tępić sobie podobnych? Starannie stawiające na plaży zamki z piasku i namiętnie je burzące? Iskrę, która przekształciła je w istotę nie znającą granic w niczym, trwożliwą i niespożytą, która nie umie zaspokoić swego dziwnego głodu, ale poświęca całe życie na takie próby? W człowieka? ;Dmitry Glukhovsky;Metro 2034
(...)niektóre zagadki są piękne właśnie dlatego, że nie mają rozwiązania, i że są pytania, na które lepiej nie znać odpowiedzi. ;Dmitry Glukhovsky;Metro 2033
Bo jaki sens ma takie życie? Czepiać się go, wytrzymywać cały ten brud, poniżenie, własnymi dziećmi handlować, żreć mech, w imię czego? ;Dmitry Glukhovsky;Metro 2033
Maszynista Sierow, którego miejsce Nikołaj miał zająć tydzień po apokalipsie, zapalony kibic, myślał o całym życiu jak o meczu piłki nożnej. Cała ludzkość przegrała, mówił Nikołajowi, a ja i ty jeszcze biegniemy, nie zastanawiałeś się dlaczego? Dlatego że moje i twoje życie nie ma określonego wyniku i arbiter zarządził dla nas dogrywkę. I w czasie tej dogrywki mamy zrozumieć, po co tu jesteśmy, zdążyć skończyć wszystkie sprawy, wszystko naprawić i dopiero wtedy opanować piłkę i pobiec w stronę świetlistej bramki... ;Dmitry Glukhovsky;Metro 2034
W żadnym wypadku nie patrzeć na Kreml. Kto popatrzy, dostanie ode mnie z liścia. ;Dmitry Glukhovsky;Metro 2033
Wierzę w Wielkiego Czerwia, czy nie wierzę, nie jest takie ważne. Ale przykazania włożone w boże usta żyją przez wieki. Sprawa jest prosta: stworzyć boga i nauczać o nim właściwymi słowami. I uwierz mi, Wielki Czerw nie jest gorszy od innych bogów i przeżyje wielu z nich. ;Dmitry Glukhovsky;Metro 2033
I niech przyszłe cywilizacje łamią sobie głowy nad tym, dlaczego homo sapiens wymarł. Chociaż wątpię, żeby to kogokolwiek zainteresowało. ;Dmitry Glukhovsky;Metro 2033
Są ludzie, którzy nigdy nie widzieli swojego odbicia i dlatego przez całe życie biorą siebie za kogoś innego. ;Dmitry Glukhovsky;Metro 2034
Jeśli stracisz nadzieję, jeśli sie zawahasz, skapitulujesz, twoje miejsce zajmą inni. ;Dmitry Glukhovsky;Metro 2033
"Są takie rzeczy, których nie chcesz robić,przysięgasz, że ich nie zrobisz, zabraniasz sobie, a potem to nagle
dzieje się samo. Nie da się ich nawet przeanalizować, nie podlegają
procesom myślowym: dzieją się i już, pozostaje tylko patrzeć
na siebie ze zdziwieniem i zapewniać, że nie ma w tym twojej
winy, po prostu samo się stało. ";Dmitry Glukhovsky;Metro 2033
Artem musiał tylko wyciągnąć rękę w stronę podanej mu dłoni, choćby strasznej, choćby niezwykłej, pokrytej połyskującą czarną skórą, lecz niewątpliwie przyjaznej. ;Dmitry Glukhovsky;Metro 2033
I rzeczywiście, co czyni człowieka człowiekiem? ;Dmitry Glukhovsky;Metro 2034
.... główną winą Szatana było to, że zachciało mu się sławy i oddawania sobie czci… Wcześniej myślałem, że to wszystko było dużo poważniejsze. A tu się okazuje, że to po prostu zazdrość. Czy świat jest tak prosty, że wszystko kręci się wokół tego, że ktoś się z kimś nie podzielił sławą i wyznawcami? ;Dmitry Glukhovsky;Metro 2033
Mówią, że we wciąż powtarzane kłamstwo w którymś momencie sam zaczynasz wierzyć... ;Dmitry Glukhovsky;Metro 2033
I jego stateczek, powstały z papieru, z myśli i wspomnień, może płynąć po oceanie czasu nieskończenie długo, póki nie podniesie go ktoś inny, nie obejrzy i nie pojmie, że człowiek nigdy się nie zmienił, że nawet po śmierci świata on pozostał wierny sobie. I że niebiański ogień, który kiedyś w nim rozpalono, zadrżał na wietrze, ale nie zgasł. ;Dmitry Glukhovsky;Metro 2034
Artem się zamyślił. Wychodziło na to, że jego zachwyt kremlowską stacją, obrazami i posągami, jej ogromem i wspaniałością był jak by nie jego własny? Czy to nie była tylko iluzja wywołana przez tę straszną istotą przyczajoną na Kremlu? ;Dmitry Glukhovsky;Metro 2033
- No właśnie, Artem! Jesteś jeszcze młody i nie wiesz wielu rzeczy. A jak będziesz słuchał starszych, to dłużej pożyjesz. ;Dmitry Glukhovsky;Metro 2033
Cisza... Pustka... Wszystko wydaje się spokojne. Ale póki patrzysz przed siebie, aż do bólu oczu wpatrujesz się w mrok, to coś gęstniej za twoimi plecami, znów za plecami, i raz jeszcze masz ochotę rzucić się do przodu, oświetlić tunel za sobą i sprawdzić, czy nikogo tam nie ma, czy ktoś nie podszedł, kiedy patrzyłeś w drugą stronę... I znów... Najważniejsza rzecz to nie tracić panowania nad sobą, nie poddać się temu lękowi, przekonać samego siebie, że to wszystko bzdury, że nie ma się czego bać, że nic tam nie było słychać... ;Dmitry Glukhovsky;Metro 2033
Równocześnie poczuł jednak strach, zupełnie jakby zajrzał za przymknięte drzwi, by dowiedzieć się, co jest za nimi, i zobaczył jedynie bijące stamtąd nieznośne, palące oczy światło. I jeśli otworzyć zakazane drzwi, to owo światło wyleje się niepowstrzymanie i spali na miejscu śmiała, który ośmieli się to zrobić. Jednak owo światło to była właśnie Wiedza. ;Dmitry Glukhovsky;Metro 2033
Rozwal swój zegarek, a zobaczysz, w co przeobrazi się czas - to bardzo interesujące. Zmieni się nie do poznania. Przestanie być rozdrobniony, rozbity na kawałki, godziny, minuty, sekundy. Czas jest jak rtęć: rozdrobni się go, a on znowu się zrośnie, znowu stanie się niepodzielną całością. ;Dmitry Glukhovsky;Metro 2033
Są takie rzeczy, których nie chcesz robić, przysięgasz, że ich nie zrobisz, zabraniasz sobie, a potem to nagle dzieje się samo. Nie da się ich nawet przeanalizować, nie podlegają procesom myślowym: dzieją się, i już, pozostaje tylko patrzeć na siebie ze zdziwieniem i zapewniać, że nie ma w tym twojej winy, po prostu samo się stało. ;Dmitry Glukhovsky;Metro 2033
"- Ty też czujesz, że we mnie jest kawałek ciebie? Ten kawałek, który z ciebie wyjęli... Którego szukałeś? Że mogę ci go zwrócić? 
- Co ty bredzisz? - oblał ją lodowatym prysznicem.
- Ale ty to czujesz - jeżąc się, upierała się Sasza - Że ze mną staniesz się pełny. Że mogę i muszą z tobą być. Inaczej po co wziąłbyś mnie za sobą? ";Dmitry Glukhovsky;Metro 2034
Ludzie zawsze umieli zabijać lepiej niż każde inne żywe stworzenie. ;Dmitry Glukhovsky;Metro 2033
No a ty co myślisz chłopcze? Mów, nie wstydź się... Też tak chcesz, jak roślinka? Jak dinozaur? Siedzieć na tyłku i czekać, aż po ciebie przyjdą? Znasz przypowieść o żabie w śmietanie? Jak dwie żaby wpadły do dzbanka ze śmietaną? Jedna, myśląc racjonalnie, szybko zrozumiała, że opór jest bezcelowy i że losu nie da się oszukać. A może jest jakieś życie pozagrobowe, więc po co się niepotrzebnie wysilać i na próżno pocieszać płonnymi nadziejami? Złożyła łapki i poszła na dno. A druga była na pewno durna albo niewierząca. I zaczęła się szamotać. Wydawałoby się: po co się szarpać, jeśli wszystko przesądzone? Szamotała się i szamotała... Aż ubiła śmietanę na masło. I wylazła z dzbanka. Uczcijmy pamięć jej towarzyszki, przedwcześnie poległej w imię postępu filozofii i racjonalnego myślenia. ;Dmitry Glukhovsky;Metro 2033
Piękna rzecz ta wielopartyjność. Jak hydra. Wybierz sobie głowę wedle gustu, walcz z innymi głowami. Uznaj, że nieprzyjacielska głowa jest smokiem. Zwyciężaj. A serce? - Biessołow pogładził biurko, powiódł podbródkiem po gabinecie. - Oto serce. Nie widzisz go ani o nim nie wiesz. I gdybym ci go nie pokazał, nadal walczyłbyś z głową. ;Dmitry Glukhovsky;Metro 2035
"To będzie zabawne- rzekł nagle Leonid- jeśli ludzkość, która sama się unicestwiła atomem, dzięki niemu też ocaleje"". ";Dmitry Glukhovsky;Metro 2034
Często bywa, że myśl, która we śnie wydawała się genialna, po przebudzeniu okazuje się bezmyślnym połączeniem słów... ;Dmitry Glukhovsky;Metro 2033
Nie odpowiadają - Strzelać od razu! ;Dmitry Glukhovsky;Metro 2033
Wcześniej to miejsce nazywało się Ogrodem Botanicznym. Teraz są tu wyłącznie sadza i zgliszcza i tylko plastikowe torebki szybują nad czarną pustynią. Kiedy wszyscy wreszcie pozdychamy – a daję ludzkości najwyżej jakieś dwieście lat – białe torebki jeszcze przez kilka stuleci będą unosić się nad ziemią. Być może wszystko, co pozostanie po naszej cywilizacji, po naszym świecie – to te torebki, nasze niepodlegające rozkładowi ekskrementy. Najlepszy nagrobek dla nas, miernot. ;Dmitry Glukhovsky;Ewangelia według Artema
... życie jest jak linia metra... Jak szyny. Są zwrotnice, które szyny przestawiają. I stacja końcowa - ale nie jedna, lecz kilka. Ktoś jedzie po prostu stąd dotąd, i koniec. Inny do zajezdni na spoczynek. Jeszcze inny tajnym tunelem przeskakuje na inną linię... Stacji końcowych może być wiele. Ale! Każdy ma tylko jeden punkt docelowy! Swój! I na torach trzeba wszystkie zwrotnice prawidłowo przełączać, żeby trafić właśnie do tego punktu docelowego! Dokonać tego, po co człowiek przyszedł na świat. ;Dmitry Glukhovsky;Metro 2035
- To znaczy, że piękno bez człowieka nie istnieje? - spytała (...). ;Dmitry Glukhovsky;Metro 2034
Stał pośrodku tego wspaniałego cmentarza cywilizacji i czuł się jak archeolog po odkopaniu starożytnego miasta, w którym resztki dawnej potęgi i piękna jeszcze przez wiele stuleci wywołują u oglądających dreszcz zachwytu. Wyobrazić sobie, jak żyli ludzie mieszkający w tych gigantycznych budowlach, przemieszczający się tymi maszynami, wtedy jeszcze błyszczącymi świeżą farbą i miękko sunącymi po równej nawierzchni ulicy na rozgrzanej gumie kół, schodzący do metra tylko po to, żeby jak najszybciej przedostać się z jednego punktu tego bezkresnego miasta w drugi... Niemożliwe. O czym myśleli każdego dnia? Czego się bali? Czego w ogóle mogą bać się ludzie, jeśli nie muszą w każdej sekundzie obawiać się o swoje życie i stale o nie walczyć, próbując przedłużyć je choćby o jeden dzień? ;Dmitry Glukhovsky;Metro 2033
- Boże, jaki piękny świat zniszczyliśmy... ;Dmitry Glukhovsky;Metro 2033
"Zawsze nazywaj rzeczy po imieniu. Strach przed imieniem wzmaga strach przed samą rzeczą"". ";J.K. Rowling;Harry Potter i Kamień Filozoficzny
"Dumbledore : (...) Nie da się uchronić młodych ludzi przed krzywdą. Cierpienie musi przyjść i przyjdzie
Harry : Więc mam stać i patrzeć ?
Dumbledore : Nie. Masz go nauczyć , jak stawiać czoło życiu. ";J.K. Rowling;Harry Potter i Przeklęte Dziecko
Of course it is happening inside your head, Harry, but why on earth should that mean that it is not real? ;J.K. Rowling;Harry Potter i Insygnia Śmierci
To słuszność idei może zaprowadzić nas do zwycięstwa, a nie liczba jej wyznawców. ;J.K. Rowling;Harry Potter i Insygnia Śmierci
Obojętność i lekceważenie często wyrządzają więcej krzywd niż jawna niechęć. ;J.K. Rowling;Harry Potter i Zakon Feniksa
To, że teraz odczuwasz taki ból, jest twoją największą siłą. ;J.K. Rowling;Harry Potter i Zakon Feniksa
To, z czym przychodzi nam walczyć, nigdy nie jest ustalone raz na zawsze. Wciąż podlega zmianie i jest niezniszczalne. ;J.K. Rowling;Harry Potter i Książę Półkrwi
Prawda to cudowna i straszliwa rzecz, więc trzeba się z nią obchodzić ostrożnie. ;J.K. Rowling;Harry Potter i Kamień Filozoficzny
Do należycie uporządkowanego umysłu śmierć jest tylko początkiem nowej, wielkiej przygody. ;J.K. Rowling;Harry Potter i Komnata Tajemnic
Konsekwencje naszych działań są zawsze tak złożone, tak różnorodne, czasem wręcz sprzeczne, że przewidywanie przeszłości jest naprawdę trudnym zajęciem. ;J.K. Rowling;Harry Potter i więzień Azkabanu
"Zawsze nazywaj rzeczy po imieniu. Strach przed imieniem wzmaga strach przed samą rzeczą"". ";J.K. Rowling;Harry Potter i Kamień Filozoficzny
"Dumbledore : (...) Nie da się uchronić młodych ludzi przed krzywdą. Cierpienie musi przyjść i przyjdzie
Harry : Więc mam stać i patrzeć ?
Dumbledore : Nie. Masz go nauczyć , jak stawiać czoło życiu. ";J.K. Rowling;Harry Potter i Przeklęte Dziecko
Of course it is happening inside your head, Harry, but why on earth should that mean that it is not real? ;J.K. Rowling;Harry Potter i Insygnia Śmierci
To słuszność idei może zaprowadzić nas do zwycięstwa, a nie liczba jej wyznawców. ;J.K. Rowling;Harry Potter i Insygnia Śmierci
Obojętność i lekceważenie często wyrządzają więcej krzywd niż jawna niechęć. ;J.K. Rowling;Harry Potter i Zakon Feniksa
To, że teraz odczuwasz taki ból, jest twoją największą siłą. ;J.K. Rowling;Harry Potter i Zakon Feniksa
To, z czym przychodzi nam walczyć, nigdy nie jest ustalone raz na zawsze. Wciąż podlega zmianie i jest niezniszczalne. ;J.K. Rowling;Harry Potter i Książę Półkrwi
Prawda to cudowna i straszliwa rzecz, więc trzeba się z nią obchodzić ostrożnie. ;J.K. Rowling;Harry Potter i Kamień Filozoficzny
Do należycie uporządkowanego umysłu śmierć jest tylko początkiem nowej, wielkiej przygody. ;J.K. Rowling;Harry Potter i Komnata Tajemnic
Konsekwencje naszych działań są zawsze tak złożone, tak różnorodne, czasem wręcz sprzeczne, że przewidywanie przeszłości jest naprawdę trudnym zajęciem. ;J.K. Rowling;Harry Potter i więzień Azkabanu
Kiedy patrzymy na śmierć albo na ciemność lękamy się tylko nieznanego, niczego więcej. ;J.K. Rowling;Harry Potter i Książę Półkrwi
"-Nigdy nie wiem- zawołał Harry do Hagrida, przekrzykując hałasujący wózek-jaka jest różnica między stalagmitami a stalaktytami!
-Stalagmity mają w środku ,,m''- odpowiedział mu Hagrid- I nie pytaj mnie teraz o nic, bo nic, bo chyba troche mnie zemdliło. ";J.K. Rowling;Harry Potter i Kamień Filozoficzny
Ci, których kochamy, nigdy tak naprawdę nas nie poszczają, Harry. Pewnych spraw śmierć nie dotyka. Farby... wspomnienia... i miłości. ;J.K. Rowling;Harry Potter i Przeklęte Dziecko
"- Powiedz mi, Weasley, jaką masz korzyść z hańbienia tytułu czarodzieja, skoro nawet ci za to dobrze nie płacą?
Pan Weasley poczerwieniał jeszcze bardziej niż Ron i Ginny.
- Mamy bardzo różne pojęcie tego, co hańbi czarodzieja, Malfoy - odpowiedział. ";J.K. Rowling;Harry Potter i Komnata Tajemnic
przykro mi, że nigdy go nie poznam... Ale dowie się, dlaczego umarłem, i mam nadzieję, że zrozumie. Próbowałem zbudować świat, w którym byłby szczęśliwszy. ;J.K. Rowling;Harry Potter i Insygnia Śmierci
"Harry poczuł się całkowicie oszołomiony. Koń stał tuż przed nimi, połyskując w mdłym świetle, sączącym się przez okna stacji, w mroźnym powietrzu z nozdrzy buchała mu para. Ale jeśli Ron nie udawał - w końcu byłby to bardzo głupi i trochę przydługi dowcip - to w ogóle go nie widział. 
- TO co, może jednak wsiądziemy? - zapytał niepewnym tonem Ron, patrząc z troską na Harry'ego. 
- Tak... Tak, wsiadaj...
- Wszystko w porządku - rozległ się śpiewny głos tuż obok niego, gdy Ron zniknął w ciemnym wnętrzu powozu. - Nic ci nie jest, nie zwariowałeś. Ja też je widzę.
- Widzisz? - zapytał z nadzieją Harry, odwracając się do Luny Lovegood. 
W jej wielkich, srebrzystych oczach dostrzegł odbicie skrzydlatych koni.
- No jasne. Widziałam je od samego początku, od pierwszego przyjazdu do Hogwartu. One zawsze ciągną nasze powozy. Nie przejmują się. Jesteś tak samo zdrowy na umyśle jak ja. ";J.K. Rowling;Harry Potter i Zakon Feniksa
To nasze wybory ukazują, kim naprawdę jesteśmy, o wiele bardziej, niż nasze zdolności. ;J.K. Rowling;Harry Potter i Komnata Tajemnic
Jeśli uważasz że sztuka czytania zanikła zwłaszcza wśród dzieci to niezawodny znak że jesteś mugolem. ;J.K. Rowling;Harry Potter i Kamień Filozoficzny
Obojętność i lekceważenie często wyrządzają więcej krzywd niż jawna niechęć... ;J.K. Rowling;Harry Potter i Zakon Feniksa
Pamiętaj: naprawdę niczego nie daje pogrążanie się w marzeniach i zapominanie o życiu. ;J.K. Rowling;Harry Potter i Kamień Filozoficzny
Ależ oczywiście to dzieje się w twojej głowie, Harry, tylko skąd, u licha, wniosek, że wobec tego nie dzieje się to naprawdę? ;J.K. Rowling;Harry Potter i Insygnia Śmierci
Trujące muchomory nie gubią swych kropek. ;J.K. Rowling;Harry Potter i Zakon Feniksa
"- nie płacz, ginny, wyślemy ci mnóstwo sów.
- przyślemy ci sedes z hogwartu.
- george!
- tylko żartuje. ";J.K. Rowling;Harry Potter i Kamień Filozoficzny
- niewinni zawsze są pierwszymi ofiarami - rzekł. - tak było przed wiekami i tak jest teraz. ;J.K. Rowling;Harry Potter i Kamień Filozoficzny
After all, to the well-organised mind, death is but the next great adventure. ;J.K. Rowling;Harry Potter i Kamień Filozoficzny
...the trouble is, humans do have a knack of choosing precisely those things which are worst for them. ;J.K. Rowling;Harry Potter i Kamień Filozoficzny
Always use the proper name for things. Fear of a name increases fear of the thing itself. ;J.K. Rowling;Harry Potter i Kamień Filozoficzny
The truth.' Dumbledore sighted. 'It is a beautiful and terrible thing, and should therefore be treated with great caution. ;J.K. Rowling;Harry Potter i Kamień Filozoficzny
"- Mogłabym usłyszeć od Ciebie słówko? [...]
- Tak, może pani usłyszeć ode mnie słówko- warknął Harry. - Nawet dwa. Do widzenia. ";J.K. Rowling;Harry Potter i Czara Ognia
- Kurczaki! (...) Ostatnio żywię się tylko szczurami. - i uśmiechnął się do Harry'ego. ;J.K. Rowling;Harry Potter i Czara Ognia
Państwo Dursleyowie spod numeru czwartego przy Privet Drive mogli z dumą twierdzić, że są całkowicie normalni, chwała Bogu. ;J.K. Rowling;Harry Potter i Kamień Filozoficzny
"Dumbledore dyrygował nimi za pomocą różdżki aż do ostatniej nuty, a kiedy wreszcie skończyli, był jednym z tych, którzy klaskali najgłośniej.
- Ach, muzyka - powiedział, ocierając łzę w oku. - To magia większa od wszystkiego, co my tu robimy! ";J.K. Rowling;Harry Potter i Kamień Filozoficzny
"Dudley ryknął ochrypłym śmiechem, a potem zaczął wykrzykiwać piskliwym głosem:
- Nie zabijaj Cedrika! Nie zabijaj Cedrika! Kim jest ten Cedrik? To twój chłopak? ";J.K. Rowling;Harry Potter i Zakon Feniksa
Pani Figg uniosła rękę, z której zwieszała się sznurkowa torba na zakupy, zrobiła zamach i trzasnęła nią Mundungusa w głowę. Sądząc po złowieszczym grzechocie, torba była pełna puszek z pokarmem dla kotów. ;J.K. Rowling;Harry Potter i Zakon Feniksa
- A skąd ci przyszło do głowy, że nie jestem odważny w łóżku? - zapytał Harry, całkowicie zbity z tropu. - Niby czego mam tam się bać, poduszek, czy może czegoś innego? ;J.K. Rowling;Harry Potter i Zakon Feniksa
To oszałamiająco wylewne przeprosiny, tyle że znowu zaczynasz gadać o sobie zamiast o mnie, więc lepiej skończ, dopóki masz u mnie plus. ;J.K. Rowling;Harry Potter i Przeklęte Dziecko
Snape - Przynajmniej on nie jest moim mężem. ;J.K. Rowling;Harry Potter i Przeklęte Dziecko
Dziwne, co też w człowieku siedzi, prawda? ;J.K. Rowling;Harry Potter i Przeklęte Dziecko
(...)nie dostanę wybitnego z egzaminu na suma (...) - Nie licz sumów, póki ich nie złowisz -powiedział z powagą Dumbledore”. ;J.K. Rowling;Harry Potter i Książę Półkrwi
"Ciągle walczyć, by nie ustawać w walce, bo tylko wtedy zło można powstrzymać, choć nigdy nie da się go całkowicie wyplenić..."". ";J.K. Rowling;Harry Potter i Książę Półkrwi
Nic nie wiesz Jonie Snow ;George R.R. Martin;Nawałnica mieczy: Stal i śnieg
Kiedy słońce zajdzie, nie zastąpi go świeca. ;George R.R. Martin;Nawałnica mieczy: Stal i śnieg
"A kim to jesteś, rzekł dumny lord,
że muszę ci się kłaniać?
Jedynie kotem innej maści,
takiego jestem zdania.
W płaszczu czerwonym albo złotym,
lew zawsze ma pazury.
Lecz moje równie ostre są
i sięgną twojej skóry.
Tak gadał ten lord Castamere
tęgiego zgrywając zucha,
Dziś w jego zamku płacze deszcz
którego nikt nie słucha.
Dziś w jego zamku płacze deszcz
i nie ma kto go słuchać. ";George R.R. Martin;Nawałnica mieczy: Stal i śnieg
Czasem sobie myślę, że wszyscy tylko udają odważnych, a wcale naprawdę tacy nie są. Może to dzięki udawaniu stajemy się odważni. Nie wiem. ;George R.R. Martin;Nawałnica mieczy: Stal i śnieg
Istniało wysokie prawdopodobieństwo, że pechowy Willas Tyrell zapadnie na nagły, śmiertelny przypadek miecza w brzuchu, co raczej zaszkodziłoby sojuszowi między Wysogrodem a Casterly Rock. ;George R.R. Martin;Nawałnica mieczy: Stal i śnieg
Wszystko to bierze początek w przeszłości - pomyślał Tyrion. - Od naszych matek i ojców oraz od ich rodziców przed nimi. Jesteśmy marionetkami tańczącymi na sznurkach tych, którzy żyli przed nami, a pewnego dnia nasze dzieci przejmą po nas sznurki i będą tańczyły zamiast nas. ;George R.R. Martin;Nawałnica mieczy: Krew i złoto
"-A cóż innego mogę zrobić, jeśli nie umrzeć?
-Żyć. ";George R.R. Martin;Nawałnica mieczy: Stal i śnieg
Obrażają mnie tylko kłamstwa, nigdy szczere rady. ;George R.R. Martin;Nawałnica mieczy: Stal i śnieg
"Arya skrzyżowała ręce na piersi.
- Valar morghulis - rzekła tak głośno, jakby wiedziała, co to znaczy.
- Valar dohaeris - odpowiedział, dotykając czoła dwoma palcami. ";George R.R. Martin;Nawałnica mieczy: Krew i złoto
Dopóki wrogowie są w polu, nie ma mowy o zwycięstwie. ;George R.R. Martin;Nawałnica mieczy: Krew i złoto
Nic nie wiesz Jonie Snow ;George R.R. Martin;Nawałnica mieczy: Stal i śnieg
Kiedy słońce zajdzie, nie zastąpi go świeca. ;George R.R. Martin;Nawałnica mieczy: Stal i śnieg
"A kim to jesteś, rzekł dumny lord,
że muszę ci się kłaniać?
Jedynie kotem innej maści,
takiego jestem zdania.
W płaszczu czerwonym albo złotym,
lew zawsze ma pazury.
Lecz moje równie ostre są
i sięgną twojej skóry.
Tak gadał ten lord Castamere
tęgiego zgrywając zucha,
Dziś w jego zamku płacze deszcz
którego nikt nie słucha.
Dziś w jego zamku płacze deszcz
i nie ma kto go słuchać. ";George R.R. Martin;Nawałnica mieczy: Stal i śnieg
Czasem sobie myślę, że wszyscy tylko udają odważnych, a wcale naprawdę tacy nie są. Może to dzięki udawaniu stajemy się odważni. Nie wiem. ;George R.R. Martin;Nawałnica mieczy: Stal i śnieg
Istniało wysokie prawdopodobieństwo, że pechowy Willas Tyrell zapadnie na nagły, śmiertelny przypadek miecza w brzuchu, co raczej zaszkodziłoby sojuszowi między Wysogrodem a Casterly Rock. ;George R.R. Martin;Nawałnica mieczy: Stal i śnieg
Wszystko to bierze początek w przeszłości - pomyślał Tyrion. - Od naszych matek i ojców oraz od ich rodziców przed nimi. Jesteśmy marionetkami tańczącymi na sznurkach tych, którzy żyli przed nami, a pewnego dnia nasze dzieci przejmą po nas sznurki i będą tańczyły zamiast nas. ;George R.R. Martin;Nawałnica mieczy: Krew i złoto
"-A cóż innego mogę zrobić, jeśli nie umrzeć?
-Żyć. ";George R.R. Martin;Nawałnica mieczy: Stal i śnieg
Obrażają mnie tylko kłamstwa, nigdy szczere rady. ;George R.R. Martin;Nawałnica mieczy: Stal i śnieg
"Arya skrzyżowała ręce na piersi.
- Valar morghulis - rzekła tak głośno, jakby wiedziała, co to znaczy.
- Valar dohaeris - odpowiedział, dotykając czoła dwoma palcami. ";George R.R. Martin;Nawałnica mieczy: Krew i złoto
Dopóki wrogowie są w polu, nie ma mowy o zwycięstwie. ;George R.R. Martin;Nawałnica mieczy: Krew i złoto
Każda czynność może być modlitwą, jeśli wykonujemy ją tak dobrze, jak tylko potrafimy. ;George R.R. Martin;Nawałnica mieczy: Stal i śnieg
Jeśli mężczyzna nie używa członka, to on wciąż mu się kurczy, aż wreszcie pewnego dnia chce się odlać i nie może go znaleźć. ;George R.R. Martin;Nawałnica mieczy: Stal i śnieg
Nawet odważni ludzie często wolą być ślepi, gdy boją się coś zobaczyć. ;George R.R. Martin;Nawałnica mieczy: Stal i śnieg
Sadgekins może się wyruchać w dupę gorącym pogrzebaczem. ;George R.R. Martin;Nawałnica mieczy: Krew i złoto
Dajcie mi słodkie kłamstwa i zabierzcie swe gorzkie prawdy. ;George R.R. Martin;Nawałnica mieczy: Krew i złoto
(...) wydawało mu się jednak, że dla umarłych strach nie ma żadnego znaczenia, podobnie jak ból, miłość czy obowiązek. ;George R.R. Martin;Nawałnica mieczy: Stal i śnieg
Bogowie stworzyli ziemię dla wszystkich ludzi. Gdy jednak nadeszli królowie ze swymi koronami i stalowymi mieczami, oznajmili, że cała należy do nich. Mówili: „To moje drzewa. Nie wolno wam jeść tych jabłek. To mój strumień. Nie wolno wam łowić w nim ryb. To mój las. Nie wolno w nim polować. Moja ziemia, moja woda, mój zamek, moja córka, trzymajcie ręce z dala od nich, bo je wam odrąbię, ale jeśli przede mną klękniecie, to może pozwolę wam trochę powąchać”. Nazywacie nas złodziejami, ale złodziej przynajmniej musi być odważny, sprytny i szybki. Klękacz musi tylko klękać. ;George R.R. Martin;Nawałnica mieczy: Stal i śnieg
- Jesteś mój – wyszeptała. – Mój, a ja twoja. Jeśli zginiemy, to trudno. Wszyscy muszą umrzeć, Jonie Snow. Ale najpierw żyjemy. ;George R.R. Martin;Nawałnica mieczy: Stal i śnieg
Jeden król znaczy pokój. ;George R.R. Martin;Nawałnica mieczy: Stal i śnieg
- Nie może mówić - oznajmił mężczyzna w żółtym płaszczu. - Zbyt głęboko poderżnęliście jej gardło, cholerne skurwysyny. Ale pamięta. ;George R.R. Martin;Nawałnica mieczy: Krew i złoto
Życie jest ciepłem, ciepło jest ogniem, a ogień jest tylko u Boga. ;George R.R. Martin;Nawałnica mieczy: Stal i śnieg
"- Byłem od ciebie lepszy, ser Lorasie. Wyższy, silniejszy i szybszy.
- Ale teraz jesteś starszy - odparł chłopak. - Panie.
Jaime nie potrafił powstrzymać śmiechu. To niedorzeczne. Tyrion wyśmiałby mnie bezlitośnie, gdyby zobaczył, jak spieram się z zielonym gołowąsem, który z nas ma dłuższego kutasa. ";George R.R. Martin;Nawałnica mieczy: Krew i złoto
Mogę walczyć z wami po kolei albo ze wszystkimi razem. ;George R.R. Martin;Nawałnica mieczy: Krew i złoto
Najwięksi głupcy często okazują się mądrzejsi od tych, którzy się z nich śmieją... ;George R.R. Martin;Nawałnica mieczy: Stal i śnieg
Nadal nie była w stanie na niego spojrzeć. Gdyby to zrobiła, mogłaby go znowu spoliczkować. Albo się rozpłakać. Albo go pocałować. Nie wiedząc, co jest słuszne, co jest błędem, a co szaleństwem. ;George R.R. Martin;Nawałnica mieczy: Stal i śnieg
Stoczymy bitwę, a potem odpoczniemy. Żywi albo martwi, odpoczniemy. ;George R.R. Martin;Nawałnica mieczy: Krew i złoto
"Pyp, pomóż mi dojść do klatki. Grenn, Mur należy do ciebie.
- Do mnie? - zapytał Grenn.
- Do niego? - zawołał Pyp.
Trudno było określi, który z nich jest bardziej przerażony. ";George R.R. Martin;Nawałnica mieczy: Krew i złoto
Jaime uśmiechnął się znacząco. Ludzie potrafili wyczytać z takiego uśmiechu najrozmaitsze rzeczy, jeśli im na to pozwolić. ;George R.R. Martin;Nawałnica mieczy: Stal i śnieg
Wszyscy muszą umrzeć. ;George R.R. Martin;Nawałnica mieczy: Krew i złoto
"- Jestem winny - rzekł. - Tak bardzo winny. Czy to właśnie chcieliście usłyszeć? (...)
- Przyznajesz, że otrułeś króla?
- Nic w tym rodzaju - zaprzeczył Tyrion. - Śmierci Joffreya nie jestem winien. Dopuściłem się bardziej monstrualnej zbrodni. - Postąpił krok w stronę ojca. - Urodziłem się. Żyję. Przyznaję, że jestem winny bycia karłem. I bez względu na to, jak często mój łaskawy ojciec mi wybaczał, uporczywie trwałem w swej hańbie. ";George R.R. Martin;Nawałnica mieczy: Krew i złoto
"- Jestem winny - rzekł. - Tak bardzo winny. Czy to właśnie chcieliście usłyszeć? (...)
- Przyznajesz, że otrułeś króla?
- Nic w tym rodzaju - zaprzeczył Tyrion. - Śmierci Joffreya nie jestem winien. Dopuściłem się bardziej monstrualnej zbrodni. - Postąpił krok w stronę ojca. - Urodziłem się. Żyję. Przyznaję, że jestem winny bycia karłem. I bez względu na to, jak często mój łaskawy ojciec mi wybaczał, uporczywie trwałem w swej hańbie. ";George R.R. Martin;Nawałnica mieczy: Krew i złoto
"(...)
- Znam tę opowieść - stwierdził Tyrion. - I co z niej wynika?
- To, że gdybym kiedyś znalazł obok łoża szarfę i pociągnął za nią, wolałbym, żeby spadły na mnie skorpiony niż królowa w całej swej nagiej krasie. ";George R.R. Martin;Nawałnica mieczy: Krew i złoto
"Schodzę do Królewskiej Wieży - oznajmił. - Zawołajcie mnie, jeśli Mance wymyśli coś nowego. Pyp, Mur należy do ciebie.
- Do mnie? - zdziwił się Pyp.
- Do niego? - powtórzył pytanie Grenn.
Jon oddalił się z uśmiechem na ustach i zjechał na dół klatką. ";George R.R. Martin;Nawałnica mieczy: Krew i złoto
Czemu nie zostawią mnie w spokoju? Chcę odpocząć, to wszystko, odpocząć i trochę się przespać, a może trochę umrzeć. ;George R.R. Martin;Nawałnica mieczy: Stal i śnieg
Jeden głos może kłamać, ale w wielu zawsze można odnaleźć prawdę. ;George R.R. Martin;Nawałnica mieczy: Stal i śnieg
Zapamiętajcie pieśń moją, bo gdy mnie już nie będzie wszystkie pieśni umilkną na wieki. ;George R.R. Martin;Nawałnica mieczy: Krew i złoto
Pies zginie dla ciebie, ale nigdy cię nie okłamie. ;George R.R. Martin;Nawałnica mieczy: Krew i złoto
"- Rzecz jasna nie można też zapomnieć o propozycji lorda Karstarka, który zaoferował rękę swojej córki człowiekowi, który przyniesie mu twoją głowę.
- A twój kozioł oczywiście zrozumiał to na odwrót. ";George R.R. Martin;Nawałnica mieczy: Stal i śnieg
Półprawdy są więcej warte od kłamstw. ;George R.R. Martin;Nawałnica mieczy: Krew i złoto
- Wszyscy muszą umrzeć - słyszał niemal jej głos. - Mężczyźni, kobiety i wszystkie zwierzęta, które latają w powietrzu, pływają w wodzie albo chodzą po ziemi. Nie chodzi o to, kiedy umrzemy, Jonie Snow. Ważne tylko, jak to się stanie. ;George R.R. Martin;Nawałnica mieczy: Krew i złoto
